well_id,count,mean,std,min,25%,50%,75%,max
W01,48.0,3885.4879190912707,660.7423620124961,2699.2538122644846,3344.7574409399012,3879.1403679315004,4243.591043003079,5234.51895349535
W02,46.0,3790.3454791905683,619.4303278354325,2594.4959978837023,3334.430635028658,3830.5278855044817,4220.48561912911,5038.726431700725
W03,48.0,3595.9226407762667,604.1339920980657,2515.707568303401,3109.938042633395,3496.615326688918,4085.6215843813025,4740.307384397666
W04,48.0,3421.858604954825,578.3585628620575,2389.8252465127694,3031.179115341898,3435.7546879208894,3777.9715303478997,4679.169976654654
W05,45.0,3279.0388946466205,525.8766786374382,2298.6515260921256,2893.4498248254527,3262.203812216157,3602.7086122349247,4503.518678608623
